Exposure,Outcome,N_instruments,Status,Global_Test_P,Outlier_Indices,Outlier_SNPs,Distortion_Test_P,Main_MR_results
Endometriosis,anxiety,36,OK,0.21,,,,Exposure=beta.exposure|MR Analysis=Raw|Causal Estimate=0.02669884|Sd=0.02205311|T-stat=1.210661|P-value=0.2341375 ; Exposure=beta.exposure|MR Analysis=Outlier-corrected|Causal Estimate=NA|Sd=NA|T-stat=NA|P-value=NA
Endometriosis,coeliac_disease,36,OK,0.001,27,rs5875500,0.212,Exposure=beta.exposure|MR Analysis=Raw|Causal Estimate=-0.08362507|Sd=0.07273589|T-stat=-1.1497085|P-value=0.2580597 ; Exposure=beta.exposure|MR Analysis=Outlier-corrected|Causal Estimate=-0.04608121|Sd=0.05214593|T-stat=-0.8836972|P-value=0.3830659
Endometriosis,depression,36,OK,0.492,,,,Exposure=beta.exposure|MR Analysis=Raw|Causal Estimate=0.004948866|Sd=0.01322924|T-stat=0.3740853|P-value=0.7105976 ; Exposure=beta.exposure|MR Analysis=Outlier-corrected|Causal Estimate=NA|Sd=NA|T-stat=NA|P-value=NA
Endometriosis,dyslipidaemia,36,OK,0.001,30,rs635634,0.127,Exposure=beta.exposure|MR Analysis=Raw|Causal Estimate=0.03546840|Sd=0.02631807|T-stat=1.347682|P-value=0.1864200 ; Exposure=beta.exposure|MR Analysis=Outlier-corrected|Causal Estimate=0.01842435|Sd=0.01426449|T-stat=1.291624|P-value=0.2051993
Endometriosis,fibromyalgia,36,OK,0.152,,,,Exposure=beta.exposure|MR Analysis=Raw|Causal Estimate=-0.01405704|Sd=0.05861135|T-stat=-0.2398348|P-value=0.8118575 ; Exposure=beta.exposure|MR Analysis=Outlier-corrected|Causal Estimate=NA|Sd=NA|T-stat=NA|P-value=NA
Endometriosis,hypertension,36,OK,0.001,6,rs12317475,0.538,Exposure=beta.exposure|MR Analysis=Raw|Causal Estimate=0.04240502|Sd=0.01601789|T-stat=2.647353|P-value=0.0120799 ; Exposure=beta.exposure|MR Analysis=Outlier-corrected|Causal Estimate=0.03566421|Sd=0.01425669|T-stat=2.501577|P-value=0.0173414
Endometriosis,interstitial_cystitis,36,OK,0.695,,,,Exposure=beta.exposure|MR Analysis=Raw|Causal Estimate=-0.5834923|Sd=0.2533431|T-stat=-2.303171|P-value=0.02732923 ; Exposure=beta.exposure|MR Analysis=Outlier-corrected|Causal Estimate=NA|Sd=NA|T-stat=NA|P-value=NA
Endometriosis,irritable_bowel_syndrome,36,OK,0.064,,,,Exposure=beta.exposure|MR Analysis=Raw|Causal Estimate=0.07276186|Sd=0.03169807|T-stat=2.295467|P-value=0.02781433 ; Exposure=beta.exposure|MR Analysis=Outlier-corrected|Causal Estimate=NA|Sd=NA|T-stat=NA|P-value=NA
Endometriosis,migraine,36,OK,0.012,No significant outliers,No significant outliers,,Exposure=beta.exposure|MR Analysis=Raw|Causal Estimate=0.05054145|Sd=0.02449605|T-stat=2.063249|P-value=0.04656797 ; Exposure=beta.exposure|MR Analysis=Outlier-corrected|Causal Estimate=NA|Sd=NA|T-stat=NA|P-value=NA
Endometriosis,nafld,36,OK,0.76,,,,Exposure=beta.exposure|MR Analysis=Raw|Causal Estimate=0.01532787|Sd=0.04821515|T-stat=0.3179058|P-value=0.7524455 ; Exposure=beta.exposure|MR Analysis=Outlier-corrected|Causal Estimate=NA|Sd=NA|T-stat=NA|P-value=NA
Endometriosis,obesity,36,OK,0.002,6,rs12317475,0.136,Exposure=beta.exposure|MR Analysis=Raw|Causal Estimate= 0.0007367782|Sd=0.02391682|T-stat= 0.03080587|P-value=0.9755994 ; Exposure=beta.exposure|MR Analysis=Outlier-corrected|Causal Estimate=-0.0080172153|Sd=0.02214465|T-stat=-0.36203854|P-value=0.7195638
Endometriosis,osteoarthritis,27,OK,0.001,5;20,rs1253764564;rs5875500,0.449,Exposure=beta.exposure|MR Analysis=Raw|Causal Estimate=-0.04953537|Sd=0.02336783|T-stat=-2.119811|P-value=0.0437274861 ; Exposure=beta.exposure|MR Analysis=Outlier-corrected|Causal Estimate=-0.06576928|Sd=0.01730473|T-stat=-3.800654|P-value=0.0008706131
Endometriosis,osteoporosis,36,OK,0.001,3;15,rs10917151;rs1936805,0.389,Exposure=beta.exposure|MR Analysis=Raw|Causal Estimate=0.02162723|Sd=0.04557737|T-stat=0.4745168|P-value=0.6380788 ; Exposure=beta.exposure|MR Analysis=Outlier-corrected|Causal Estimate=0.01042137|Sd=0.04050247|T-stat=0.2573021|P-value=0.7985432
Endometriosis,ovarian_cyst,36,OK,0.001,4,rs11031005,0.216,Exposure=beta.exposure|MR Analysis=Raw|Causal Estimate=0.4098589|Sd=0.02900640|T-stat=14.12995|P-value=4.994576e-16 ; Exposure=beta.exposure|MR Analysis=Outlier-corrected|Causal Estimate=0.3817966|Sd=0.02501056|T-stat=15.26542|P-value=8.797838e-17
Endometriosis,pcos,36,OK,0.019,4,rs11031005,0.007,Exposure=beta.exposure|MR Analysis=Raw|Causal Estimate=-0.070237869|Sd=0.08404780|T-stat=-0.83568960|P-value=0.4089985 ; Exposure=beta.exposure|MR Analysis=Outlier-corrected|Causal Estimate= 0.001145411|Sd=0.07869712|T-stat= 0.01455467|P-value=0.9884725
Endometriosis,psoriasis,36,OK,0.08,,,,Exposure=beta.exposure|MR Analysis=Raw|Causal Estimate=-0.01699355|Sd=0.03107349|T-stat=-0.5468827|P-value=0.5879294 ; Exposure=beta.exposure|MR Analysis=Outlier-corrected|Causal Estimate=NA|Sd=NA|T-stat=NA|P-value=NA
Endometriosis,ptsd,36,OK,0.788,,,,Exposure=beta.exposure|MR Analysis=Raw|Causal Estimate=-0.009500944|Sd=0.04833205|T-stat=-0.1965765|P-value=0.845296 ; Exposure=beta.exposure|MR Analysis=Outlier-corrected|Causal Estimate=NA|Sd=NA|T-stat=NA|P-value=NA
Endometriosis,type2_diabetes,36,OK,0.001,30,rs635634,0.249,Exposure=beta.exposure|MR Analysis=Raw|Causal Estimate=0.02485141|Sd=0.02149321|T-stat=1.1562449|P-value=0.2554126 ; Exposure=beta.exposure|MR Analysis=Outlier-corrected|Causal Estimate=0.01460116|Sd=0.01707965|T-stat=0.8548862|P-value=0.3985982
Endometriosis,vitamin_d_deficiency,36,OK,0.825,,,,Exposure=beta.exposure|MR Analysis=Raw|Causal Estimate=0.1714937|Sd=0.1080293|T-stat=1.587474|P-value=0.1213997 ; Exposure=beta.exposure|MR Analysis=Outlier-corrected|Causal Estimate=NA|Sd=NA|T-stat=NA|P-value=NA
Uterine_Fibroids,anxiety,127,OK,0.718,,,,Exposure=beta.exposure|MR Analysis=Raw|Causal Estimate=0.03187747|Sd=0.01355076|T-stat=2.352449|P-value=0.02019964 ; Exposure=beta.exposure|MR Analysis=Outlier-corrected|Causal Estimate=NA|Sd=NA|T-stat=NA|P-value=NA
Uterine_Fibroids,coeliac_disease,127,OK,0.001,No significant outliers,No significant outliers,,Exposure=beta.exposure|MR Analysis=Raw|Causal Estimate=-0.1594274|Sd=0.03858338|T-stat=-4.132024|P-value=6.507162e-05 ; Exposure=beta.exposure|MR Analysis=Outlier-corrected|Causal Estimate=NA|Sd=NA|T-stat=NA|P-value=NA
Uterine_Fibroids,depression,127,OK,0.001,No significant outliers,No significant outliers,,Exposure=beta.exposure|MR Analysis=Raw|Causal Estimate=0.03924181|Sd=0.01078381|T-stat=3.638957|P-value=0.0003979208 ; Exposure=beta.exposure|MR Analysis=Outlier-corrected|Causal Estimate=NA|Sd=NA|T-stat=NA|P-value=NA
Uterine_Fibroids,dyslipidaemia,127,OK,0.083,,,,Exposure=beta.exposure|MR Analysis=Raw|Causal Estimate=-0.02436214|Sd=0.0108189|T-stat=-2.251813|P-value=0.02606557 ; Exposure=beta.exposure|MR Analysis=Outlier-corrected|Causal Estimate=NA|Sd=NA|T-stat=NA|P-value=NA
Uterine_Fibroids,fibromyalgia,127,OK,0.654,,,,Exposure=beta.exposure|MR Analysis=Raw|Causal Estimate=-0.0472901|Sd=0.03530106|T-stat=-1.339623|P-value=0.1827793 ; Exposure=beta.exposure|MR Analysis=Outlier-corrected|Causal Estimate=NA|Sd=NA|T-stat=NA|P-value=NA
Uterine_Fibroids,hypertension,127,OK,0.001,9;13;66;70;78;80;95;113;119;123,rs113609496;rs11711621;rs1912576;rs193097753;rs2454478;rs34830847;rs551952743;rs76118965;rs78602818;rs8105767,0.001,Exposure=beta.exposure|MR Analysis=Raw|Causal Estimate=0.07420606|Sd=0.01453545|T-stat=5.105179|P-value=1.187619e-06 ; Exposure=beta.exposure|MR Analysis=Outlier-corrected|Causal Estimate=0.03662140|Sd=0.01195935|T-stat=3.062157|P-value=2.731670e-03
Uterine_Fibroids,interstitial_cystitis,127,OK,0.844,,,,Exposure=beta.exposure|MR Analysis=Raw|Causal Estimate=0.1546913|Sd=0.1714903|T-stat=0.9020408|P-value=0.3687563 ; Exposure=beta.exposure|MR Analysis=Outlier-corrected|Causal Estimate=NA|Sd=NA|T-stat=NA|P-value=NA
Uterine_Fibroids,irritable_bowel_syndrome,127,OK,0.079,,,,Exposure=beta.exposure|MR Analysis=Raw|Causal Estimate=0.02164683|Sd=0.02009186|T-stat=1.077393|P-value=0.2833631 ; Exposure=beta.exposure|MR Analysis=Outlier-corrected|Causal Estimate=NA|Sd=NA|T-stat=NA|P-value=NA
Uterine_Fibroids,migraine,127,OK,0.001,107,rs6715321,0.741,Exposure=beta.exposure|MR Analysis=Raw|Causal Estimate=0.02414777|Sd=0.01666110|T-stat=1.449350|P-value=0.1497243 ; Exposure=beta.exposure|MR Analysis=Outlier-corrected|Causal Estimate=0.02001541|Sd=0.01591978|T-stat=1.257267|P-value=0.2110011
Uterine_Fibroids,nafld,127,OK,0.697,,,,Exposure=beta.exposure|MR Analysis=Raw|Causal Estimate=0.06763906|Sd=0.03563735|T-stat=1.897982|P-value=0.05998612 ; Exposure=beta.exposure|MR Analysis=Outlier-corrected|Causal Estimate=NA|Sd=NA|T-stat=NA|P-value=NA
Uterine_Fibroids,obesity,127,OK,0.007,35;101;126,rs142135825;rs58415480;rs9611525,0.987,Exposure=beta.exposure|MR Analysis=Raw|Causal Estimate=0.02779299|Sd=0.01459211|T-stat=1.904658|P-value=0.05910399 ; Exposure=beta.exposure|MR Analysis=Outlier-corrected|Causal Estimate=0.02764724|Sd=0.01322479|T-stat=2.090562|P-value=0.03862634
Uterine_Fibroids,osteoarthritis,78,OK,0.001,10,rs11601738,0.137,Exposure=beta.exposure|MR Analysis=Raw|Causal Estimate=0.003617789|Sd=0.01365324|T-stat=0.26497653|P-value=0.7917356 ; Exposure=beta.exposure|MR Analysis=Outlier-corrected|Causal Estimate=0.001194726|Sd=0.01335089|T-stat=0.08948663|P-value=0.9289306
Uterine_Fibroids,osteoporosis,127,OK,0.001,103,rs61768001,0.67,Exposure=beta.exposure|MR Analysis=Raw|Causal Estimate=-0.05438545|Sd=0.02487284|T-stat=-2.186540|P-value=0.030623284 ; Exposure=beta.exposure|MR Analysis=Outlier-corrected|Causal Estimate=-0.06700930|Sd=0.02418467|T-stat=-2.770734|P-value=0.006447197
Uterine_Fibroids,ovarian_cyst,127,OK,0.001,5;6;14;15;28;39;44;49;56;104;114,rs11008568;rs11031005;rs117245733;rs117614908;rs1370290390;rs145598156;rs147511432;rs150939986;rs182075939;rs62235635;rs767591741,0.019,Exposure=beta.exposure|MR Analysis=Raw|Causal Estimate=0.3172969|Sd=0.02630872|T-stat=12.06052|P-value=9.632584e-23 ; Exposure=beta.exposure|MR Analysis=Outlier-corrected|Causal Estimate=0.2784851|Sd=0.01884213|T-stat=14.77992|P-value=2.380784e-28
Uterine_Fibroids,pcos,127,OK,0.001,6;28;39;44;49;56;85;104;114,rs11031005;rs1370290390;rs145598156;rs147511432;rs150939986;rs182075939;rs4668731;rs62235635;rs767591741,0.006,Exposure=beta.exposure|MR Analysis=Raw|Causal Estimate=0.3800674|Sd=0.08170491|T-stat=4.651709|P-value=8.198721e-06 ; Exposure=beta.exposure|MR Analysis=Outlier-corrected|Causal Estimate=0.2407067|Sd=0.06300713|T-stat=3.820308|P-value=2.149517e-04
Uterine_Fibroids,psoriasis,127,OK,0.001,39,rs145598156,0.801,Exposure=beta.exposure|MR Analysis=Raw|Causal Estimate=-0.02185265|Sd=0.02448661|T-stat=-0.8924326|P-value=0.3738623 ; Exposure=beta.exposure|MR Analysis=Outlier-corrected|Causal Estimate=-0.01740956|Sd=0.02405477|T-stat=-0.7237468|P-value=0.4705735
Uterine_Fibroids,ptsd,127,OK,0.975,,,,Exposure=beta.exposure|MR Analysis=Raw|Causal Estimate=0.02862502|Sd=0.03270713|T-stat=0.8751922|P-value=0.3831346 ; Exposure=beta.exposure|MR Analysis=Outlier-corrected|Causal Estimate=NA|Sd=NA|T-stat=NA|P-value=NA
Uterine_Fibroids,type2_diabetes,127,OK,0.001,45;48;53;78;80,rs148179678;rs150930538;rs1806793;rs2454478;rs34830847,0.684,Exposure=beta.exposure|MR Analysis=Raw|Causal Estimate=0.01466390|Sd=0.01249649|T-stat=1.173441|P-value=0.2428322 ; Exposure=beta.exposure|MR Analysis=Outlier-corrected|Causal Estimate=0.01142758|Sd=0.01119906|T-stat=1.020405|P-value=0.3095722
Uterine_Fibroids,vitamin_d_deficiency,127,OK,0.375,,,,Exposure=beta.exposure|MR Analysis=Raw|Causal Estimate=-0.06668594|Sd=0.08524264|T-stat=-0.7823073|P-value=0.4355017 ; Exposure=beta.exposure|MR Analysis=Outlier-corrected|Causal Estimate=NA|Sd=NA|T-stat=NA|P-value=NA
